{"cameraMode":{"drawMode":0,"name":"Shaded","section":"Shading Mode"},"sceneLighting":false,"audioPlay":false,"sceneViewState":{"m_AlwaysRefresh":false,"showFog":true,"showSkybox":false,"showFlares":true,"showImageEffects":true,"showParticleSystems":true,"showVisualEffectGraphs":true,"m_FxEnabled":true},"in2DMode":false,"pivot":{"x":12.916770935058594,"y":-2.0152816772460939,"z":0.1013253927230835},"rotation":{"x":-0.021307015791535379,"y":0.01109399739652872,"z":-0.00023716707073617727,"w":-0.9997155070304871},"size":43.605342864990237,"orthographic":false}